<?xml version="1.0" encoding="UTF-8"?><rss version="2.0"
	xmlns:content="http://purl.org/rss/1.0/modules/content/"
	xmlns:wfw="http://wellformedweb.org/CommentAPI/"
	xmlns:dc="http://purl.org/dc/elements/1.1/"
	xmlns:atom="http://www.w3.org/2005/Atom"
	xmlns:sy="http://purl.org/rss/1.0/modules/syndication/"
	xmlns:slash="http://purl.org/rss/1.0/modules/slash/"
	>

<channel>
	<title>Uncategorized &#8211; Myportfolio</title>
	<atom:link href="http://localhost/portfolio/category/uncategorized/feed/" rel="self" type="application/rss+xml" />
	<link>/https://tbn22.github.io/MyCV</link>
	<description>Just another WordPress site</description>
	<lastBuildDate>Fri, 19 Aug 2022 09:22:06 +0000</lastBuildDate>
	<language>en-US</language>
	<sy:updatePeriod>
	hourly	</sy:updatePeriod>
	<sy:updateFrequency>
	1	</sy:updateFrequency>
	<generator>https://wordpress.org/?v=6.0.1</generator>
	<item>
		<title>Hello world!</title>
		<link>/https://tbn22.github.io/MyCV/2022/08/19/hello-world/</link>
					<comments>/https://tbn22.github.io/MyCV/2022/08/19/hello-world/#comments</comments>
		
		<dc:creator><![CDATA[talal]]></dc:creator>
		<pubDate>Fri, 19 Aug 2022 09:22:06 +0000</pubDate>
				<category><![CDATA[Uncategorized]]></category>
		<guid isPermaLink="false">/https://tbn22.github.io/MyCV/?p=1</guid>

					<description><![CDATA[Welcome to WordPress. This is your first post. Edit or delete it, then start writing!]]></description>
										<content:encoded><![CDATA[
<p>Welcome to WordPress. This is your first post. Edit or delete it, then start writing!</p>
]]></content:encoded>
					
					<wfw:commentRss>/https://tbn22.github.io/MyCV/2022/08/19/hello-world/feed/</wfw:commentRss>
			<slash:comments>1</slash:comments>
		
		
			</item>
	</channel>
</rss>
